{
  "neural_cf": {
    "train_losses": [
      -10146372.101153957,
      -665741923.1520468,
      -6107136713.730994,
      -25715766369.30994,
      -72752736788.95906,
      -163127894075.88303,
      -315756262477.84796,
      -551424050349.6608,
      -897922322647.579,
      -1388915058220.9124
    ],
    "val_losses": [
      -39536789.10204082,
      -1207158128.9795918,
      -7704101793.959184,
      -26628764880.97959,
      -66991088869.87755,
      -139423984410.12244,
      -256139093974.20407,
      -431012796624.9796,
      -684443617906.9387,
      -1036698623164.0817
    ],
    "best_val_loss": -1036698623164.0817
  }
}